store_id,name_salon,slncatch,star,review_salon,pop_score,price,seats,access,link_detail
slnH000736729,CLARIS福井大和田店 髪質改善/レイヤーカット/ダブルカラー/メンズカット,【NewOpen★大和田エルパ近く】ナチュラルな抜け感＋トレンドstyleが叶うサロン。当日予約◎口コミ高評価◎,4.82,132.0,23.571482798028853,4700.0,5.0,福井注目サロン！大和田Lpaより徒歩3分　韓国/髪質改善／レイヤー【福井市/大和田】,https://beauty.hotpepper.jp/slnH000736729/
slnH000368018,HAIR ALEN,[完全キャッシュレス]  ダメージに負けない理想のスタイルを叶えます☆,4.62,68.0,19.56157205123934,,5.0,"日華化学前駅徒歩8分[髪質改善,縮毛矯正,トリートメント,ヘッドスパ,インナーカラー]",https://beauty.hotpepper.jp/slnH000368018/
slnH000316574,citron 【シトロン】,【HPB AWARD BEST SALON】2022 2024GOLD Prize受賞 2019～2021 2023 2025 2026SILVER Prize受賞,4.73,125.0,22.875613419880494,,4.0,フレンドマート近く！     福井駅からクルマで10分  越前開発駅から徒歩5分,https://beauty.hotpepper.jp/slnH000316574/
slnH000476673,Maison Sheer,【実力派×本物の技術】『トレンド×似合わせ』に絶対の自信◎福井でお洒落な空間でお洒落なヘアスタイルに,4.8,93.0,21.807814954896017,4950.0,8.0,福井駅から車で15分,https://beauty.hotpepper.jp/slnH000476673/
slnH000603671,Agu hair Luz 北四ツ居店【アグ ヘアー ルース】,【北四ツ居】口コミ人気で年間予約数NO.1Group★カット+カラー￥3900♪N.・TOKIO/6～7月限定クーポン有☆,4.66,355.0,27.37717720577046,2200.0,6.0,「福井口駅」徒歩19分「新福井駅」車5分「越前開発駅」徒歩18分,https://beauty.hotpepper.jp/slnH000603671/
slnH000634496,O'sea 新保店 【オーシー】,《7月限定クーポン有り》個室空間でトレンドヘア◎髪質改善/ハイトーン/メンズ/学割有◎当日直前予約OK,4.7,308.0,26.946704001419405,,6.0,愛育病院、心臓センター前,https://beauty.hotpepper.jp/slnH000634496/
slnH000625169,coto　福井大和田店　髪質改善トリートメント&ハイトーンカラー,【エルパ隣/駐車場完備◎】新規様限定60％OFF。福井初導入の髪質改善UPTOGLOSS+CUT＋COLOR 21800円→9900円,4.8,1133.0,33.760831124580946,5000.0,9.0,【駐車場◎】エルパ徒歩1分　[髪質改善レイヤーカット/顔周りレイヤーボブ/韓国風],https://beauty.hotpepper.jp/slnH000625169/
slnH000728255,ADER HAIR SALON 森田店【アーダーヘアサロン】,ヘアーを熟知した実力派stylist集結サロン◎【カット+カラー+TR￥5500】 TOKIO &イルミナカラー取扱いサロン,4.72,1014.0,32.674879167766186,2500.0,5.0,「福井駅」から車で20分　ヤスサキワイプラザグルメ館森田店さんの向かい側,https://beauty.hotpepper.jp/slnH000728255/
slnH000724261,Kaguya hair salon大和田店【カグヤヘアーサロン】,《１０月１日エルパ近くNEWOPEN》切った瞬間なじむ再現性のあるカット技術◎【カット+カラー+TR￥5300】,4.55,1104.0,31.88458279348093,2500.0,6.0,【駐車場完備】エルパ徒歩3分/24時間フィットイージーさんとボナファイドジムさんの隣,https://beauty.hotpepper.jp/slnH000724261/
slnH000213215,ＶＡＮ　ＣＯＵＮＣＩＬ　福井開発店　【ヴァンカウンシル】,『上質×艶のある髪へ..。美しい発色と滑らかな艶髪へ導きます《低刺激・低ダメージオーガニックカラー》,4.57,198.0,24.19040304899093,4500.0,12.0,京福バス開発2丁目下車徒歩3分/フレンドマート前,https://beauty.hotpepper.jp/slnH000213215/
slnH000516935,SuPerior【スーペリオル】,7月末までの特別企画☆平日ALLメニュー30%OFF!!当日予約◎【髪質改善】【ショートカット】【ヘッドスパ】,4.68,164.0,23.895824817854713,,10.0,江端駅より5分/駐車場完備(表9台裏10台)髪質改善/ヘッドスパ/ショート/レイヤー,https://beauty.hotpepper.jp/slnH000516935/
slnH000489726,O'sea 四ツ井店 【オーシー】,【髪質改善×ブリーチ×ダブルカラー×レイヤー×メンズ】★20代～60代のお客様に人気なお店★当日予約◎,4.68,160.0,23.780972428127285,4400.0,5.0,ホリデイスポーツクラブさん駐車場内,https://beauty.hotpepper.jp/slnH000489726/
slnH000702935,髪質改善×艶カラー Dope LIT【ドープリット】,満足度福井県No1 本日空き◎Lpa近くの髪質改善サロン 月1000名様以上通う理由を体感 口コミ脅威の4.88☆,4.88,1307.0,35.02012211624366,4500.0,13.0,当日直前予約◎北陸でも満足度NO1髪質改善と艶カラー/メンズパーマがとにかく上手い！,https://beauty.hotpepper.jp/slnH000702935/
slnH000199912,APPLE！【アップル】,◆最旬トレンド×似合わせ◆ダメージレスブリーチで叶える垢抜けヘアー/ハイトーン・ダブルカラーもお任せ,4.91,107.0,22.98926432517992,,7.0,【口コミ平均4.94☆】福井駅から徒歩5分～10分 福井西武横、ビッグアップルビル１Ｆ,https://beauty.hotpepper.jp/slnH000199912/
slnH000265840,Lx 【ルクス】,【8/15統合移転】スタッフそのまま◎ご予約はLx渕店へ！,4.79,85.0,21.3363235490543,,6.0,福井駅から車で15分　自治会館前バス停から徒歩3分,https://beauty.hotpepper.jp/slnH000265840/
slnH000326301,ini 福井店【イニ】,【福井駅から徒歩5分】半個室で丁寧に向き合う、大人のためのマンツーマンサロン,4.88,208.0,26.070591149588278,,5.0,【福井駅から徒歩5分】髪質改善/オリジナルヘッドスパ,https://beauty.hotpepper.jp/slnH000326301/
slnH000368476,arika,《当日予約可》ナチュラル&ダブルカラーを得意とするあなたに合ったStyleを提供するサロン！,4.65,43.0,17.596481797719914,4700.0,11.0,ベル前駅から徒歩10分,https://beauty.hotpepper.jp/slnH000368476/
slnH000650996,ADER HAIR SALON　開発店【アーダーヘアサロン】,ヘアーを熟知した実力派stylist集結サロン◎【カット+カラー+TR￥5500】 TOKIO &イルミナカラー取扱いサロン,4.62,1992.0,35.09997099938311,2500.0,10.0,「福井駅」車で10分、「越前新保駅」徒歩15分 ハーレーダビッドソン福井店さんの2階,https://beauty.hotpepper.jp/slnH000650996/
slnH000493364,Agu hair i'ott 大和田店【アグ ヘアー イオット】,【大和田】口コミ人気で年間予約数NO.1Group★cut+color+3stepTR￥5500♪6~7月限定クーポン有/TOKIO取扱い,4.38,158.0,22.201800405724615,2500.0,10.0,"えちぜん鉄道勝山永平寺線「東藤島」車で8分,「追文口」車で7分,「越前新保」車で7分",https://beauty.hotpepper.jp/slnH000493364/
slnH000684717,S.Wark　【エスウォーク】,【当日予約OK】口コミ４.79・福井で、ちょうどいいが続く、髪質が落ち着く大人の髪質改善サロン。 口コミ◎,4.78,107.0,22.380587265653773,4300.0,8.0,※福井二ノ宮1丁目ー1交差点すぐ。　ケンタッキーさんの横になります。道路側の1Ｆ・,https://beauty.hotpepper.jp/slnH000684717/
slnH000720684,Chill 福井駅前店　髪質改善&韓国風【チル】,断トツの都会的おしゃれサロン★【髪質改善レイヤーカット/顔周りレイヤーボブ/髪質改善カラーが大人気♪】,4.84,980.0,33.34069070429636,,7.0,福井駅から徒歩5分/福井鉄道城址大名町徒歩1分　髪質改善&韓国風スタイルならChill,https://beauty.hotpepper.jp/slnH000720684/
slnH000433957,O'sea 志比口店 【オーシー】,【口コミ平均4.8★艶カラー×髪質改善で“最高峰のダメージケア”】7月限定.夏限定.U24学割.平日限定あり！,4.7,427.0,28.477879019234447,,8.0,志比口ハーツから徒歩1分・福井口駅から徒歩3分,https://beauty.hotpepper.jp/slnH000433957/
slnH000381011,HYBRID SALON  peace 　by  Holistic ＆ Organic,オーガニック専門店＆METEOストレート・カラー取り扱い店！ハイトーンにも対応！当日予約OK◎,4.67,43.0,17.67216559039828,,6.0,花堂駅から徒歩５分,https://beauty.hotpepper.jp/slnH000381011/
slnH000723914,Idk【アイディーケー】,本日予約◎20代から人気【トレンド×似合わせ】自分に似合うナチュラルで可愛いスタイルをご提案します◎,4.89,80.0,21.488856366348227,4400.0,5.0,大戸屋(高木店)の近く【MAKI】の看板が目印です。【バス】高木中央3丁目　徒歩3分,https://beauty.hotpepper.jp/slnH000723914/
slnH000326524,ＦＲＥＥＹ 【フリー】,【 パーマスタイル＋トレンドカラー】20代30代の働く女性をオシャレにしたい、再現性が高いサロン,4.5,34.0,15.999066276702361,,5.0,福井市ハローワークさん横,https://beauty.hotpepper.jp/slnH000326524/
slnH000505603,tic.福井鯖江店　韓国式髪質改善＆ヘッドスパ特化サロン【ティック】,【7月限定】福井でtic.だけ！韓国式髪質改善ストレート×韓ドルケアで憧れの艶髪へ,4.86,226.0,26.36525708495962,3200.0,10.0,tic./髪質改善サロンには三十八社駅から徒歩9分（660m）Eカフェ様前　/韓国式髪質改善,https://beauty.hotpepper.jp/slnH000505603/
slnH000281422,HAIR&MAKE peace,【ホットペッパービューティーアワード　2024　ベストサロン部門　選出】#オーガニック#髪質改善＃METEO,4.75,65.0,19.90086002462552,,6.0,ナビでお越しの方は、福井市高柳1丁目802とご入力ください（区画整理のため住所変更）,https://beauty.hotpepper.jp/slnH000281422/
slnH000582783,kir hair base,お客様一人一人に合わせたお悩み解決！特化美容師在籍☆オートクチュール型トリートメントで最高の仕上がり,4.79,291.0,27.19165071286507,,4.0,福井駅から車で10分,https://beauty.hotpepper.jp/slnH000582783/
slnH000533374,Elparaiso Reff 板垣店【リフォ】,髪質改善サロンでツヤ髪に特化した豊富なメニューで美髪へ導きます,4.9,144.0,24.385995337860816,,6.0,福井駅からバスで8分 / 木田一丁目のバス停は店舗の目の前,https://beauty.hotpepper.jp/slnH000533374/
slnH000402759,Sandees,『美容版ミシュラン 受賞サロン』大人かわいいボブとレイヤー/2026年なハイライトとブリーチダブルカラー,4.73,31.0,16.392930820242707,4950.0,5.0,福井駅より車で15分,https://beauty.hotpepper.jp/slnH000402759/
slnH000430895,Lx park avenue【ルクス　パークアベニュー】,【渕エリアデザイナーズサロン♪】梅雨の広がり対策に♪ 髪質改善×似合わせで理想の艶髪へ,4.4,99.0,20.262748818347607,,6.0,京福バス、渕駅から徒歩１０秒,https://beauty.hotpepper.jp/slnH000430895/
slnH000214815,rashicu【ラシク】,【20代支持率◎】自分史上最高に可愛い私へ。rashicuで叶える“自分らしさ”とトレンドの掛け合わせ。,4.5,38.0,16.486027407583407,,8.0,国道８号線沿い、ヤナセさん・好日山荘さんの間になります。,https://beauty.hotpepper.jp/slnH000214815/
slnH000588732,VeRO　福井メンズサロン【ヴェロ】,<福井市/メンズ特化型美容室/メンズパーマ>10~20代おしゃれ男子の支持率急上昇!初めての人も大歓迎★[福井],4.86,339.0,28.32867570158561,,9.0,森田駅から徒歩15分*駐車場10台有/口コミ★4.92/メンズサロン/学割U24/マッシュパーマ,https://beauty.hotpepper.jp/slnH000588732/
slnH000434913,unsung【アンサン】,【脱・縮毛矯正】自然な丸みとツヤが叶う。縮毛矯正の不自然さが苦手な大人女性の為の、「次世代質感補正」,4.91,131.0,23.97455743989908,2000.0,4.0,ＪＲ福井駅より徒歩5分,https://beauty.hotpepper.jp/slnH000434913/
slnH000610676,FLASH PACK,【最旬トレンド プチプラ!!】髪質改善/メンズパーマ/韓国　▼毎月通える 学割U24　KEEP FRESH!!,5.0,42.0,18.806000578467813,3850.0,6.0,JR福井駅から車で15分,https://beauty.hotpepper.jp/slnH000610676/
slnH000786272,髪質改善専門店SOLE.　森田店　縮毛矯正/美髪カラー【ソレ】,"【7/18,19空き◎】サロン選びで迷っている方必見☆口コミ満足度◎髪質改善サロン☆学割U24限定クーポン◎",4.71,136.0,23.17311016065047,3000.0,8.0,森田駅から車で3分、徒歩7分/口コミ★4.73/当日ご予約◎ご新規様大歓迎★,https://beauty.hotpepper.jp/slnH000786272/
slnH000205297,APREKO,本日予約◎髪質改善×韓国トレンド～ダメージケアをしながら理想のトレンドスタイルに,4.61,129.0,22.439333816600236,3280.0,10.0,福井駅より車で5分　西別院駅から徒歩10分　　まつもと町屋駅から徒歩５分,https://beauty.hotpepper.jp/slnH000205297/
slnH000664388,shiro,リピート率80％の人気サロン★実力派stylistがレベルの高い技術を提供♪,4.44,33.0,15.657040729295758,1000.0,7.0,福井駅から車で１０分、TSUTAYA若杉店隣,https://beauty.hotpepper.jp/slnH000664388/
slnH000597020,STAYG　Men's hair salon　【ステイジー　メンズヘアサロン】,[当日予約◎]オシャレを格上げ！メンズの為の本格メンズ特化型サロン 福井トップのメンズ支持率！[福井],4.95,155.0,24.99678723588521,4500.0,6.0,8号線近くヤスサキワイプラザ福井南店さんの裏通り(福井メンズカット/メンズパーマ),https://beauty.hotpepper.jp/slnH000597020/
slnH000514471,a x i a   limited 【アクシア リミテッド】,【メンズカット・パーマ×透明感艶カラー×縮毛矯正×プルエクステ】【エルパ近く】【 当日予約も◎】,4.81,105.0,22.43114204267904,3300.0,3.0,エルパより車で3分,https://beauty.hotpepper.jp/slnH000514471/
slnH000213346,ヘルシービューティーサロン　ＤＩＬＧＡワッセ店,【当日予約◎予約が×でもお電話ください！】お客様のライフスタイルにあったヘアスタイルを提案します♪,4.27,100.0,19.706564606912178,4500.0,11.0,バス＊ワッセ前下車徒歩2分　車＊運動公園から車で5分/徒歩15分　福井駅から車で20分,https://beauty.hotpepper.jp/slnH000213346/
slnH000800979,LINOAO.【リノアオ】,"【半個室サロン】上質空間で""非日常""を味わえる、大人女性に◎ 洗練ショート×癒しメニュー",5.0,9.0,11.51292546497023,,6.0,森田駅から車で7分｜春江駅から車で8分｜大和田のエルパから車で7分,https://beauty.hotpepper.jp/slnH000800979/
slnH000778819,SUN 福井工大前店［メンズ美容室/メンズパーマ特化/メンズカット/学割対応店］,《福井唯一！パーマ特化のアカ抜けメンズ美容室》イケてる男になれるクーポン多数あり！★学割あり★,4.79,113.0,22.686390567809635,3300.0,5.0,福井で1番パーマ推しメンズ専門美容室●福井工大正門.京福バス「工大前」から徒歩１分,https://beauty.hotpepper.jp/slnH000778819/
slnH000416650,a-to la Setsuko【アート　ラ　セツコ】,《トレンド×理想の”なりたい”を叶える実力派サロン》流行だけじゃない、”あなたらしさ”も大切に**,5.0,13.0,13.195286648076292,5500.0,10.0,福井駅より車で13分,https://beauty.hotpepper.jp/slnH000416650/
slnH000421970,NEXT in balsam 大和田店,【当日予約OK ◎】）平日限定クーポン◎（ 髪質改善カラー/う/最新ブリーチカラー◎/COTA.　TOKIO　取扱店,5.0,80.0,21.972245773362197,5500.0,4.0,エルパ大和田近く結婚式場ララシャンスさん斜め向かい,https://beauty.hotpepper.jp/slnH000421970/
slnH000628148,SKY hair＆beauty髪質改善/縮毛矯正/透明感カラー【スカイ】,【★髪のうねり・広がり即停止★】[30日後]に差が出る髪質改善&縮毛矯正クーポンあり 【福井】口コミ評価◎,4.73,283.0,26.719648146502507,4400.0,6.0,［福井の髪質改善＆縮毛矯正スペシャリスト］ナビで花堂東2-414と検索！,https://beauty.hotpepper.jp/slnH000628148/
slnH000790005,Barber SANDGATE【バーバーサンドゲート】,周りと差を付ける大人のカジュアルスタイル/メンズカット・フェード（刈上げ）・スタイリングもお任せを！,4.9,30.0,16.82653730197722,,3.0,福井駅から車で5分。駐車場6台有。/ メンズサロン/学割U24/メンズパーマ,https://beauty.hotpepper.jp/slnH000790005/
slnH000773274,Ten.te【テンテ】,お客様一人一人と向き合い、魅力を最大限に引き出します！落ち着いた空間でゆったりとお過ごしください♪,4.75,12.0,12.1835094479423,,4.0,森田駅から徒歩2分,https://beauty.hotpepper.jp/slnH000773274/
slnH000319469,Elparaiso　成和店【エルパライソ】,完全個室・待ち時間0分｜顧客様80％以上が癖毛・うねり毛｜毛髪リペア縮毛矯正特化｜大人女性の上質サロン,4.73,34.0,16.816796330844927,,2.0,成和グラウンド近く/クチコミ★4.80/髪質改善トリートメント,https://beauty.hotpepper.jp/slnH000319469/
slnH000458189,LeCiel 髪質改善＆メンズパーマ【ルシェル】,【髪質改善トリートメント・メンズパーマが大人気★】口コミ&紹介率93.6%◎！年間10000人担当実績！福井市,4.9,72.0,21.023251261627117,,2.0,運動公園付近【髪質改善トリートメント/メンズ/パーマ/韓国】,https://beauty.hotpepper.jp/slnH000458189/
slnH000439725,MOST BURYAN【モスト　ブリヤン】,口コミ平均4.7点!！髪質改善×レイヤーで360度キレイが続く、新しい髪質改善／柔らか縮毛矯正も高評価◎,4.72,239.0,25.868615718174198,,10.0,福井駅より車で15分【髪質改善/縮毛矯正/ストレートパーマ/レイヤーカット/ショート】,https://beauty.hotpepper.jp/slnH000439725/
slnH000771707,森の日々福井店　髪質改善＆ヘッドスパ専門店,9月16日オープン【森の中で深呼吸するような、極上のヘッドスパ体験を】,4.69,61.0,19.356260265861483,,3.0,THE GATEさんの隣になります,https://beauty.hotpepper.jp/slnH000771707/
slnH000214809,BorisVian大和田店【ボリスビアン】,満足度９７％の理由はあなたを理解するカウンセリング。オーダーメイド施術で自宅でもサロン級の仕上がりに,4.77,47.0,18.465628822030638,6660.0,18.0,大和田下車徒歩10分,https://beauty.hotpepper.jp/slnH000214809/
slnH000213056,HAIR FOCUS【ヘアーフォーカス】,【30代40代くせ毛のお悩み解決】毎朝セット5分短縮♪自然な仕上がりの縮毛矯正で扱いやすい髪へ,4.56,22.0,14.297853624636922,,6.0,二の宮2丁目下車　徒歩5分,https://beauty.hotpepper.jp/slnH000213056/
slnH000706622,Hair＆Eyelash Studio Fusa,当日予約OK ◎業界トップクラスのブリーチカラー＆韓国ヘア◎ ブリーチカラー新規予約率90％,4.65,65.0,19.48189455042288,4950.0,4.0,エルパから車で5分,https://beauty.hotpepper.jp/slnH000706622/
slnH000468941,Bambi【バンビ】,[完全キャッシュレス店」ティファニーブルーのかわいい店内は癒しの空間♪メンズの方にも対応◎,4.77,33.0,16.82073970241909,4000.0,4.0,"フレンドマート開発店から徒歩2分【髪質改善,縮毛矯正,ヘッドスパ,トリートメント】",https://beauty.hotpepper.jp/slnH000468941/
slnH000625699,SHIKI,似合わせカットと理想のカラーを叶えるサロン｜ブリーチカラー/ハイトーン/ダブルカラー【福井市開発】,4.91,229.0,26.70096940681289,,4.0,エルパから車で5分【福井開発】,https://beauty.hotpepper.jp/slnH000625699/
slnH000380339,Hair&Resort En.-縁-,今話題の『頭浸浴』導入まるで森林の中でのリラクゼーションを体感！！炭酸の力で美髪、美肌効果！！,4.79,53.0,19.107233583042873,,4.0,越前開発駅から徒歩1分,https://beauty.hotpepper.jp/slnH000380339/
slnH000501156,Trail,[完全キャッシュレス]【福井市メンズ専門】男の身だしなみはメンズ専門のTrailにお任せ,4.8,21.0,14.837003776119916,,4.0,●桜通り沿い,https://beauty.hotpepper.jp/slnH000501156/
slnH000662101,NEO SALON BLAST【ネオサロンブラスト】,《ケアとカラースペシャリスト多数在籍》“ダメージレス設計”色落ちしても可愛い潤い艶カラーが人気◎,4.88,73.0,21.00383765483635,1000.0,10.0,京福バス【学園線　福井工業大学前】徒歩15秒[レイヤーカット/バレイヤージュ/福井],https://beauty.hotpepper.jp/slnH000662101/
slnH000436818,WEST～Hair Revolution～,[当日予約OK◎］◎最高級人毛100％シールエクステ取扱店!ハイトーンが人気のお店!!,5.0,45.0,19.143206982445477,4620.0,7.0,京福バス　東安居団地入口より徒歩1分,https://beauty.hotpepper.jp/slnH000436818/
slnH000288264,a x i a　basis 【アクシア ベイシス】,★女性スタッフのみのマンツーマンサロン★【当日予約歓迎!!】,4.76,24.0,15.321848926372635,3900.0,3.0,開発フレンドタウン近く,https://beauty.hotpepper.jp/slnH000288264/
slnH000433706,Vanfamily 飯塚店【ヴァンファミリー】,【歴20年以上ベテランスタイリストのみ】　2番目に広い店内と髪と頭皮に優しい　ヘナ、髪質改善特化サロン,4.53,115.0,21.533763565711833,3800.0,15.0,MEGAドン・キホーテから１分　　/髪質改善/国産ヘナ/増毛/ヘアケア特化サロン/福井市,https://beauty.hotpepper.jp/slnH000433706/
slnH000404326,HAIR & CARE Blast【ヘアーアンドケアブラスト】,《ブリーチなしカラー専門店》透明感×ツヤカラーが人気◎リピート率90%超えの実力派サロン,4.6,85.0,20.48999756276613,4400.0,6.0,福井鉄道線 商工会議所前駅 徒歩10分,https://beauty.hotpepper.jp/slnH000404326/
slnH000638249,Men`s hair salon Blanc【メンズヘアーサロンブラン】,【福井メンズヘア/口コミ★4.87】メンズパーマで大人気★ツイスパ/波巻き等のパーマが得意なサロン◎,4.9,118.0,23.4177051162465,,1.0,羽水高校から徒歩7分　（FLAP  share  saron 内）,https://beauty.hotpepper.jp/slnH000638249/
slnH000291418,hair Lepps【ヘアーリップス】,限定クーポン多数掲載！！ショートヘア×白髪ぼかし×髪質ケアが叶う大人女性ヘアサロン♪,4.8,113.0,22.733752552293577,,4.0,越前新保駅から徒歩10分,https://beauty.hotpepper.jp/slnH000291418/
slnH000787941,hair/salon KAORU【フェードカット/パーマ】,【当日予約OK】フェード～カジュアルスタイル、メンズパーマまでお任せ。キッズカットも好評♪,4.94,88.0,22.173863666476773,3900.0,3.0,JR福井駅から車で約10分　福井メンズパーマ/フェードカット/学割,https://beauty.hotpepper.jp/slnH000787941/
slnH000213058,BorisVian学園店【ボリスビアン】,"平日予約空きあり◎学割あり【カット＋フルカラー￥9,000】レイヤーカット・メンズ・パーマ・ハイトーン人気",4.8,41.0,17.940814167760166,,10.0,さくら通り池田屋近く/スパイキーショート/ハイトーン/パーマ/レイヤー/髪質改善,https://beauty.hotpepper.jp/slnH000213058/
slnH000551796,no.2,【marbb導入サロン】大人女性必見/当たり前のことを、丁寧に。リラックスできるプライベート空間…,4.88,19.0,14.619173494943475,,4.0,JR福井駅から車で10分,https://beauty.hotpepper.jp/slnH000551796/
slnH000205328,ゆうこ美容室,大人女性の頭皮・髪質ケア特化型サロン♪人気の白髪染めや癒しのスパメニューも人気♪,4.75,33.0,16.750212491926767,,2.0,黒龍神社、足羽山トンネル東入口近く／えちぜん鉄道(公園口駅)から徒歩３分,https://beauty.hotpepper.jp/slnH000205328/
slnH000451747,髪質改善専門MALQ HAIR CARE【マルク】,うねりが整い、なめらかさが続く髪へ。 触れるたびに“美しさを感じる【絹髪】を、髪質改善の専門技術で。,4.68,117.0,22.32680404249931,5500.0,10.0,2025年7月1日より福井市文京7丁目12-1（旧auショップ堀の宮跡地）に移転OPEN,https://beauty.hotpepper.jp/slnH000451747/
slnH000674222,hair salon didi,頭皮の土台作りから心まで整うプライベートサロン,4.67,6.0,9.087400396088313,4600.0,2.0,越前開発駅徒歩15分     まつもと町屋駅徒歩19分,https://beauty.hotpepper.jp/slnH000674222/
slnH000622151,Sparrow Rhythm,【大人女性の救世主】話題のメテオトリートメント、最高峰の髪質改善エイジングケア。１０年前の艶髪へ。,4.88,33.0,17.208639360126867,2750.0,2.0,産業会館から車で５分【福井市/髪質改善トリートメント/メテオカラー】,https://beauty.hotpepper.jp/slnH000622151/
slnH000213222,Vanfamily 大和田店【バンファミリー】,《Aujuaサロン》ヘアケアならお任せ！憧れのツヤ髪を叶えます☆髪質改善メニュー多数ご用意♪,4.0,8.0,8.788898309344878,4000.0,6.0,アピタ福井大和田店から徒歩1分,https://beauty.hotpepper.jp/slnH000213222/
slnH000435159,ROND【ロント】,福井駅東口徒歩１分♪《カット+カラー￥6100～》気軽に通える癒しサロン★有名サロン出身スタイリスト在籍◎,4.9,287.0,27.748506352666137,2200.0,3.0,JR福井駅徒歩１分/越前鉄道福井駅１分,https://beauty.hotpepper.jp/slnH000435159/
slnH000407070,タカ美容室,【アットホームな雰囲気】高い技術と接客が人気の秘密♪オーガニック系商材を使用しています！,5.0,6.0,9.729550745276565,1500.0,4.0,越前鉄道日華化学駅から徒歩5分,https://beauty.hotpepper.jp/slnH000407070/
slnH000745150,HAIR　AGE　森田店　【ヘアーエイジ】,"”オシャレあなたを創る""居心地の良いおしゃれな店内で非日常×リラックスできる≪HAIR　AGE≫",4.75,6.0,9.243073208012738,,4.0,【口コミ高評価】森田駅から車で７分,https://beauty.hotpepper.jp/slnH000745150/
slnH000434132,ARGYLE,【エルパさんより徒歩6分】マンツーマンのプライベートサロン アンティーク調のオシャレな空間でゆったりと,4.86,13.0,12.825818621930157,,3.0,エルパから徒歩5分,https://beauty.hotpepper.jp/slnH000434132/
slnH000773620,CUT HOUSE　Part2　福井メンズパーマ/フェードカット【パート２】,【累計施術5000人超】大阪仕込みのトレンドパーマ×バーバースタイル/学生～ビジネスマンまで幅広く対応◎,4.99,96.0,22.82780778273188,3900.0,3.0,福井県立美術館より徒歩4分,https://beauty.hotpepper.jp/slnH000773620/
slnH000505312,Hair salon irodori.,【カラー×美髪】理想を叶える♪ウルツヤの指通りの美髪スタイルへ,5.0,30.0,17.16993602242573,,3.0,板垣橋通りアンガトーのお菓子屋さんを駅方面に曲がり4軒目右手側,https://beauty.hotpepper.jp/slnH000505312/
slnH000213874,BLINK【ブリンク】,"ケアブリーチを使ったデザインカラーが得意/メンズにも人気”最高の似合わせstyle""/金曜は21時まで営業☆",4.88,14.0,13.215284981378785,4950.0,4.0,繊維センター口バス停から徒歩１分,https://beauty.hotpepper.jp/slnH000213874/
slnH000405446,美容室 VIENSVIENS 社店,福井トップクラスの技術力！【髪質改善・縮毛矯正が超人気！】最新の縮毛矯正+カット￥16280（税込）～,4.55,30.0,15.624641780407416,3850.0,11.0,出雲記念館より徒歩１０分/［福井市/縮毛矯正/髪質改善トリートメント/ストレート,https://beauty.hotpepper.jp/slnH000405446/
slnH000523701,Ten,【2021年2月23日OPEN★】《TOKIO取り扱い》技術/センス/デザイン性で注目を集めるマンツーマンサロンTen。,4.73,33.0,16.679685281434445,,4.0,県立図書館より車で５分 0776-43-6751,https://beauty.hotpepper.jp/slnH000523701/
slnH000729228,hair salon momo【ヘアサロン　モモ】,【3.40代に】オーガニックヘッドスパ×艶カラー×髪質改善（縮毛矯正）♪他で出来ない“持続する艶髪”を…,5.0,16.0,14.16606672028108,,,日赤病院から徒歩10分 　アオキ月見店から徒歩5分,https://beauty.hotpepper.jp/slnH000729228/
slnH000680056,HEUGA【ユーガ】,ご予約が×でもunsung店までお問い合わせください♪,4.91,35.0,17.5950779878195,,2.0,JR福井駅西口より徒歩3分,https://beauty.hotpepper.jp/slnH000680056/
slnH000650464,Like【ライク】,【髪の毛染めて人生変えろよ】がキャッチコピー！[ブリーチカラー特化サロン] 髪色で人生変えます！,5.0,9.0,11.51292546497023,,4.0,南郵便局近く,https://beauty.hotpepper.jp/slnH000650464/
slnH000809148,Dope LIT men's salon 【メンズサロン パーマ 予約数福井No.1 ドープリット】,【福井に新たなメンズの聖地が誕生】こだわりを形にする県内屈指の実力派メンズカット・パーマ特化サロン,4.86,7.0,10.106085892564002,5000.0,18.0,当日直前予約◎北陸でも満足度No1メンズスタイル/メンズパーマがとにかく上手い！！,https://beauty.hotpepper.jp/slnH000809148/
slnH000738332,hair salon  cocoon,女性オーナー1人の【完全プライベートサロン】大阪梅田の大型サロンでの経験を経て、福井に1月NEWOPEN,5.0,16.0,14.16606672028108,,2.0,森田駅から車で5分,https://beauty.hotpepper.jp/slnH000738332/
slnH000201082,hair&make awai【アワイ】,《キッズスペース有》髪や頭皮に優しいオーガニックカラーが人気のサロン♪似合わせ/カラー/白髪染め,5.0,3.0,6.931471805599453,,4.0,御幸交番前バス停下車徒歩5分,https://beauty.hotpepper.jp/slnH000201082/
slnH000402749,SOEL,日常に彩りを添える☆大人な落ち着いた雰囲気のプライベートサロン,5.0,15.0,13.862943611198906,,4.0,福井駅から車で１0分,https://beauty.hotpepper.jp/slnH000402749/
slnH000206914,Defiart【ディフィアート】,どこよりも丁寧なカウンセリングと、どんなスタイルも表現できる技術をご提供します。,5.0,27.0,16.66102255087602,4730.0,6.0,【開花園本店】さん隣,https://beauty.hotpepper.jp/slnH000206914/
slnH000625311,Amorous【アマラス】,くせ毛、広がり、うねり強化美容室、なりたかったcolor、styleも創り上げる実力派スタイリスト在籍☆,4.83,18.0,14.221640269373907,4500.0,4.0,福井駅徒歩24分,https://beauty.hotpepper.jp/slnH000625311/
slnH000282667,HAIR CREATE EMOTION 【ヘアークリエイト エモーシオン】,☆ハイダメージ用ストレートパーマ ◯当日予約OK◯新質感トリートメント◯ダメージ90％削減ケアブリーチ,5.0,10.0,11.989476363991853,,5.0,福井運動公園から車で2分,https://beauty.hotpepper.jp/slnH000282667/
slnH000702628,Losso Conforto【ルッソ　コンフォルト】,丁寧なカウンセリングで髪の悩みを解決！ 【当日のご予約◎】半個室サロン◎お得なクーポンも,4.64,44.0,17.662913952534282,4400.0,,(グラードステラ美容室内)京福バス　渕停留所から徒歩1分／福井駅から車10分,https://beauty.hotpepper.jp/slnH000702628/
slnH000199392,WAVY PO-Z,【髪質改善美髪Tr☆縮毛矯正】☆美髪矯正・明るい白髪染め・美髪トリートメント専門サロン,5.0,3.0,6.931471805599453,,5.0,最寄駅：木田四ッ辻／不動山口バス停下車徒歩1分,https://beauty.hotpepper.jp/slnH000199392/
slnH000487335,Think Salon,空席◎口コミ平均4.82◆本格ケアと信頼できる技術を特別価格で♪大人女性が通う半個室サロン◆,5.0,6.0,9.729550745276565,,3.0,オレンジBOX隣（裏側）,https://beauty.hotpepper.jp/slnH000487335/
slnH000201690,BARBER＆BEAUTYSALON Fi:ze【フィージ】,"【３０分で清潔感】カット￥3,300～運動公園すぐのメンズサロン。キッズからミドルシニアまでの幅広い層◎",4.83,6.0,9.398746019937162,3300.0,3.0,バス停運動公園１丁目より徒歩１分/メンズカット/理容室/バーバー/シェービング,https://beauty.hotpepper.jp/slnH000201690/
slnH000385761,natu【ナチュ】,完全予約制サロン　「年齢と共に変わる髪のお悩みに｜髪質改善＆頭皮ケアなら当店へ」,5.0,35.0,17.91759469228055,2200.0,2.0,松本通り沿い、餃子の王将学園店近く,https://beauty.hotpepper.jp/slnH000385761/
slnH000537818,理容 鮎川,口コミ平均4.8 福井駅そば【カット＋シェービング￥4800】流行りのフェード～カジュアルスタイルまでお任せ,4.69,42.0,17.64002854260281,4800.0,5.0,JＲ北陸本線・福井駅徒歩５分,https://beauty.hotpepper.jp/slnH000537818/
slnH000765959,plus【プリュス】,シンプル＋αのヘアデザイン＃ショートボブ＃ショート#福井市日光　お客様のなりたいに寄り添うサロン。,5.0,2.0,5.493061443340549,5500.0,5.0,福大前西福井から徒歩15分,https://beauty.hotpepper.jp/slnH000765959/
slnH000801264,大人女性のための白髪染め＆ヘッドスパ　private salon Reil,【福井市みのり】女性専用1席限定。お子さま同伴OK！話題の頭浸浴と大人世代のケアで心潤うひとときを,4.8,5.0,8.600445452294663,3500.0,1.0,【平日限定】女性限定サロン,https://beauty.hotpepper.jp/slnH000801264/
slnH000709906,Elegance【エレガンス】,「福井/メンズ専門店」美容師、理容師のW免許を持つスタッフが施術/幅広いメニュー高クオリティーでご提案,4.67,20.0,14.217919784168386,,3.0,花堂駅から徒歩10分,https://beauty.hotpepper.jp/slnH000709906/
slnH000403412,美容室 VIENSVIENS 江端店,【技術力・満足度トップクラス】髪の悩みにあった髪質改善・縮毛矯正をご提案！縮毛矯正＋カット￥16280～,4.73,37.0,17.205782535505804,3850.0,,福鉄江端駅徒歩3分,https://beauty.hotpepper.jp/slnH000403412/
slnH000197920,Diglanc Hair Salon,"乾かすだけでまとまる、綺麗。を追及したナチュラルstyleが得意！カットカラーTrが平日限定9,500円～◯",5.0,8.0,10.986122886681098,4200.0,4.0,西福井駅から徒歩10分,https://beauty.hotpepper.jp/slnH000197920/
slnH000591722,髪質改善・頭皮ケア プライベートサロン 粧【ショウ】,お客様の【キラキラ髪質改善】＋【ワクワク美味しい】をかなえるプライベートサロンです！,5.0,16.0,14.16606672028108,4500.0,1.0,高志高校前バス停より徒歩5分♪,https://beauty.hotpepper.jp/slnH000591722/
slnH000592702,ROWDA【ロウダ】,今春リニューアルのプライベートサロンであなただけの贅沢な空間を過ごしませんか？,4.89,20.0,14.887714720467537,5000.0,3.0,福大前西福井駅から徒歩1分,https://beauty.hotpepper.jp/slnH000592702/
slnH000563975,Redeww,マンツーマン施術と丁寧なカウンセリングが◎髪のお悩み、なりないスタイルをお気軽にご相談ください♪,4.94,32.0,17.272747353644412,,2.0,福井駅より徒歩約10分,https://beauty.hotpepper.jp/slnH000563975/
slnH000665514,hair salon PUA,【FLAP share salon内】ご予約はできるだけ詰めてお願い致します◎,5.0,11.0,12.424533248940001,,,越後花堂駅より徒歩15分 羽水二丁目バス停から180m,https://beauty.hotpepper.jp/slnH000665514/
slnH000481879,Mano Mano.【マノマノ】,【当日予約OK】　オーガニック/脱白髪染め　【高濃度水素ケアー/水素ストレート・水素カラー・水素パーマ】,4.94,31.0,17.12073535983065,,4.0,「福井北インター」から車で8分/勝山街道 /「永平寺口駅」から徒歩5分 / 当日予約OK,https://beauty.hotpepper.jp/slnH000481879/
slnH000616113,ORIJIN【オリジン】,【髪と心の癒しの場】ー「ORIJIN」,5.0,11.0,12.424533248940001,,3.0,福大前西福井から車で約4分,https://beauty.hotpepper.jp/slnH000616113/
slnH000663912,hair salon kaito,【雑誌のモデルの様な憧れのヘアスタイルに】落ち着いた空間であなたのなりたいを叶えます,5.0,13.0,13.195286648076292,,2.0,京福バス/南警察署前から徒歩5分,https://beauty.hotpepper.jp/slnH000663912/
slnH000533377,髪質改善Hair Salon Bei Capelli,【髪質改善特化サロン】実力派スタイリストがあなたの美髪をプロデュース―。,4.83,113.0,22.875838505745413,,3.0,八ツ島駅から徒歩8分,https://beauty.hotpepper.jp/slnH000533377/
slnH000754846,Nifty Time【ニフティタイム】,"【貴方の最適ケアを提案】マイクロスコープで見る地肌の状態,髪質改善とヘッドスパでヘルシーな美しさを。",5.0,13.0,13.195286648076292,5600.0,4.0,JR福井駅から徒歩20分,https://beauty.hotpepper.jp/slnH000754846/
slnH000753558,Barber TAKABATA メンズ 理容室 福井,【本格派/バーバー/理容室】カット+シェービング+眉カットフルコースで￥4500ビジネスマンの支持◎【浅水】,4.67,3.0,6.473994666429889,,7.0,浅水駅から約徒歩6分,https://beauty.hotpepper.jp/slnH000753558/
slnH000282772,hair make Lapis【ヘアーメイクラピス】,【リピーター続出】白髪・細毛・うねりのお悩み改善サロン/頭皮診断で未来の髪を育てる/今だけのクーポン有,4.43,12.0,11.362725653554607,,5.0,福井駅から車で10分 /ヘナ/エイジングケア/髪質改善/白髪染め/縮毛矯正/パーマ/,https://beauty.hotpepper.jp/slnH000282772/
slnH000719879,大人の髪質改善/縮毛矯正/透明感白髪染め rays. hair salon 【レイズヘアサロン】,完全プライベートサロン　髪質改善、縮毛矯正が人気◎大人女性の隠れ家サロン◎子供連れ◎メンズのお客様◎,4.95,77.0,21.56570869211348,3900.0,2.0,ハピラインふくい「森田駅」から徒歩24分・車で4分/福井,https://beauty.hotpepper.jp/slnH000719879/
slnH000405736,CIEL CIEL【シエルシエル】,土曜空きあり☆平日割クーポンあり！カット＋カラーがお得！温活ミストスパで頭皮も髪も綺麗に◎,4.77,37.0,17.351285981894858,4400.0,3.0,JR福井駅東口から車で15分【ヘッドスパ/髪質改善/fav/福井/木田/花堂/花堂東】,https://beauty.hotpepper.jp/slnH000405736/
slnH000694295,ニジノイロ,【ショート/ボブ】のプロが福井に！プライベートサロンでおしゃれママさんからも絶大な支持！リピート率◎,4.88,14.0,13.215284981378785,4600.0,2.0,福井駅から車で10分/エルパから車で10分,https://beauty.hotpepper.jp/slnH000694295/
slnH000587560,hair design Origami【オリガミ】,「ヘアカラー」や「縮毛矯正」や「髪質改善トリートメント」で新しい自分に出会えるきっかけとなるサロン。,4.87,27.0,16.227835964553243,4400.0,5.0,福井信用金庫高木支店様を西に入って徒歩2分,https://beauty.hotpepper.jp/slnH000587560/
slnH000408554,RESONANCE【レゾナンス】,"オトナ女性、男性に人気のサロン【サロム,バイカルテ,エステシモ取扱店】髪質改善/ヘッドスパ/福井市桃園",5.0,8.0,10.986122886681098,,4.0,福井駅から車で約10分,https://beauty.hotpepper.jp/slnH000408554/
slnH000801105,grado latte【グラードラテ】,【NEWOPEN】福井駅から5分　髪質改善トリートメント/癒ヘッドスパ/隠れ家サロン/エイジングケア,4.33,12.0,11.106230717808455,,4.0,福井西武から徒歩1分　サカエパーキングより徒歩30秒,https://beauty.hotpepper.jp/slnH000801105/
slnH000292068,atelier MUCCU　【アトリエ　ムック】,ヨーロッパアンティーク調の小さなアトリエ。1対1のサービスを通じて、お客様だけのスタイルを。,5.0,17.0,14.451858789480823,,2.0,福大前西福井駅から徒歩10分,https://beauty.hotpepper.jp/slnH000292068/
slnH000763083,RON【ロン】,【20~40代女性から支持◎】ショート～ボブ×ブリーチなしで叶うダメージレス透明感カラー,5.0,9.0,11.51292546497023,5500.0,5.0,福井駅から車で5分,https://beauty.hotpepper.jp/slnH000763083/
slnH000680819,Hip★s,"大人女性白髪ぼかし人気/全ての施術にmaebbのこだわりを/カットカラートリート白髪ぼかし￥16,940/学割U24",4.75,139.0,23.472801507394195,,8.0,高志高校近く/福井駅から車で5分・徒歩15分　≪白髪染め/白髪ぼかしハイライト/白髪≫,https://beauty.hotpepper.jp/slnH000680819/
slnH000208872,Pluna.【プルーナ】,【当日予約OK】【ストレートキャンペーン中】 脱白髪染め/デザインカラー/まつげ毛パーマが人気のサロン,4.83,50.0,18.990717806058495,4400.0,5.0,【当日予約OK】えちぜん鉄道「福井口駅」より徒歩3分 / 福井県立病院近く,https://beauty.hotpepper.jp/slnH000208872/
slnH000746134,salon de i【サロンドアイ】,7/20 9:00～◎月曜＆早朝＆19時以降も◎カット講師×髪質改善×酸性ストレート★福井と関東２拠点で活動,4.69,28.0,15.792617442636566,,1.0,福井運動公園から徒歩10分　福井福町郵便局近く,https://beauty.hotpepper.jp/slnH000746134/
slnH000616058,duo extension,"シールエクステが得意な越前市の""DUO""からエクステ専門店≪duo extension≫がオープン！！",5.0,32.0,17.482537807332402,,2.0,福井市競輪場近く,https://beauty.hotpepper.jp/slnH000616058/
slnH000813590,AZALEA【アザレア】,思わず触れたくなる、美しい髪へ。繊細なカットと厳選トリートメントで、扱いやすい髪質へ導きます。,4.86,6.0,9.457123324408823,5000.0,2.0,シェアサロンSHARE.S 2階にございます 不明な場合マップアプリまたはお電話ください。,https://beauty.hotpepper.jp/slnH000813590/
slnH000692909,HAIR MAKE mia,【福井市町屋】落ち着いた雰囲気のプライベートサロン☆大人可愛いカラー♪,4.62,23.0,14.68260869620751,4400.0,3.0,ハシノメディカルさん近く,https://beauty.hotpepper.jp/slnH000692909/
slnH000583156,美容室 VIENSVIENS 浅水本店,【髪質改善・縮毛矯正の技術力・福井トップクラス】縮毛矯正+カット￥16280～幅広い層に人気の美容室です,4.9,22.0,15.363921658052835,3850.0,12.0,浅水駅から約徒歩6分,https://beauty.hotpepper.jp/slnH000583156/
slnH000290247,Ａｎｇｅｌｉｑｕｅ,女性オーナーによる、マンツーマン・癒し系・隠れ家サロン♪大人女性の魅力を引き出す髪色に仕上げます♪,5.0,10.0,11.989476363991853,,2.0,えちぜん鉄道三国芦原線 日華化学前 徒歩8分,https://beauty.hotpepper.jp/slnH000290247/
slnH000529200,ヘアー＆エステ Y’s hair sakamoto,【 メンズノンノ8月 9月掲載店 】アジア大会入賞の巧みなカット技術にリピーター多数 ★ メンズヘア理容店,4.5,16.0,12.749460048252972,4000.0,4.0,JR福井駅徒歩10分・越前鉄道 仁愛高校前駅から徒歩2分,https://beauty.hotpepper.jp/slnH000529200/
slnH000736633,Van family　北四ツ居店　髪質改善＆パーマ特化店,【福井】メンズもレディースも大歓迎◎独自の髪質改善とパーマ技術で、お手入れしやすい理想の髪型へ。,4.65,54.0,18.634099311330992,,9.0,ＪＲ福井駅から車で10分、スマイルバス東ルート20分,https://beauty.hotpepper.jp/slnH000736633/
slnH000292701,hair make rassurer,誰もが眠りにつく極上のヘッドスパ。自分らしい美しさを実現!!,4.57,14.0,12.375789419037101,,4.0,福井鉄道仁愛高校前徒歩３分/福井鉄道田原町より１０分/片町徒歩１分,https://beauty.hotpepper.jp/slnH000292701/
slnH000403007,美容室シェリール,大人女性の完全予約サロン。自分だけの空間でしっかりとリフレッシュ〈ショートヘア/白髪染め/ヘッドスパ〉,5.0,11.0,12.424533248940001,,2.0,福井駅徒歩15分/福井鉄道福武線「足羽山公園口」徒歩5分/京福バス「毛矢町」徒歩4分,https://beauty.hotpepper.jp/slnH000403007/
slnH000319827,ヘア＆メイク　NEW★STAR！,【Gooleクチコミ件数NO.1クチコミ平均4.8】 【福井県ヘアメイククチコミNO．１ 】【福井初韓式髪質改善】,4.86,36.0,17.54906105545093,4400.0,8.0,福井駅から車で10分 福井市 パリオ近くあけぼの学院隣（さくら通り）【福井/福井駅】,https://beauty.hotpepper.jp/slnH000319827/
slnH000291417,marcheur,【大宮】5 年後の美髪を育む隠れ家。頭皮診断× 育毛促進スパで、ボリュームもツヤも叶う.ショートカット◎,4.8,6.0,9.340368715465504,4380.0,2.0,県立歴史博物館から徒歩5分/大宮/ 二の宮/ショートカット/ ボブ,https://beauty.hotpepper.jp/slnH000291417/
slnH000490525,marshu　二の宮店　【マーシュ】,当日予約ＯＫ髪質改善トリートメント導入[京福バス藤島高校前より徒歩2分],4.59,33.0,16.18599480798818,4400.0,8.0,京福バス藤島高校前より徒歩2分,https://beauty.hotpepper.jp/slnH000490525/
slnH000671608,tres【トレシュ】,再現性◎のデザインと頭皮・髪質ケアのこだわりがウリ！上質な空間と技術で叶える理想のStyle…,4.8,16.0,13.599424051469837,2750.0,2.0,越前花堂駅より車で6分,https://beauty.hotpepper.jp/slnH000671608/
slnH000657787,Lo.y【ロイ】,【当日予約OK】メンズに人気のサロン☆マンツーマン施術で''なりたい''をご提供します＊,5.0,14.0,13.54025100551105,,,ショッピングモールエルパより徒歩5分,https://beauty.hotpepper.jp/slnH000657787/
slnH000632307,ヘアカラー専門店カラープラス新田塚店　白髪染め おしゃれ染め,【ご新規様リタッチ￥1500～】この価格でこの仕上がり!?60分でムラなくキレイ◎女性専用のカラー専門店,4.06,38.0,14.874060283286363,,4.0,【福井市新田塚】「メガネのハラダ　新田塚店」様から南へ60mほどの所にございます,https://beauty.hotpepper.jp/slnH000632307/
slnH000212072,WAVE・INTERNATIONAL　二の宮店,2026.日本を代表する一流サロン100選に選出されました。,4.67,36.0,16.862986652048527,4400.0,8.0,バス停重藤公園口下車徒歩3分　[ショートヘア/似合わせカット/レイヤー],https://beauty.hotpepper.jp/slnH000212072/
slnH000495823,HAIR　MAKE　SALON　verite 福井駅前店【ベリテ】,当日予約◎福井駅前のAOSSA2F/福井駅徒歩1分/駐車場あり/髪質改善/白髪染め/ヘナカラー/メンズカット,5.0,11.0,12.424533248940001,,5.0,ＪＲ福井駅・徒歩１分/京福バス 福井駅停留所・徒歩１分,https://beauty.hotpepper.jp/slnH000495823/
slnH000233245,VERY berry【ベリーベリー】,"≪大人女性の美髪をかなえる髪質改善特化サロン≫≪月曜日も営業≫縮毛矯正ストレート￥12,100～",4.73,135.0,23.23685760953153,3850.0,8.0,松本小学校すぐ横 JR福井駅より車で10分/えちぜん鉄道まつもと町屋駅から徒歩3分,https://beauty.hotpepper.jp/slnH000233245/
slnH000407012,hair mu-te flap【ヘアーミューテフラップ】,～2席だけのゆったり癒しプライベート空間～☆「クーポン　&　ブログ」にて、さらにお得♪　要チェック！,4.68,47.0,18.117220731048928,,2.0,[Vドラッグ]さんの目の前,https://beauty.hotpepper.jp/slnH000407012/
slnH000405209,マーシュ 大和田店,【実力派サロン宣言！】技術力に定評のあるスタッフが、必ずあなたのなりたい髪型を叶えます！,4.95,220.0,26.720905372512874,4180.0,10.0,Lpaさんから車で5分。ジョーシンさんの道沿いの、アルビス高木店さんの道向かいです,https://beauty.hotpepper.jp/slnH000405209/
slnH000427513,reservoir Haibe【レザボアハイブ】,【30代・40代・50代からの白髪ぼかし・エイジング毛対応】隠すから活かすへ！白髪ストレスからの解放★,4.75,154.0,23.956269305366423,6050.0,6.0,エルパ徒歩2分/大人の髪質改善【大和田/縮毛矯正/白髪ぼかし/髪質改善/キッズカット】,https://beauty.hotpepper.jp/slnH000427513/
slnH000209665,１％　ＨＡＩＲ　ＭＡＫＥ－ＵＰ,ナチュラル×外国人風スタイルが大人気☆透明感カラーや柔らかなニュアンスパーマお任せください♪,4.67,40.0,17.342381551509117,4500.0,7.0,京福バス二の宮四丁目バス停から徒歩0分,https://beauty.hotpepper.jp/slnH000209665/
slnH000221192,So-La,髪質改善アットホームサロン♪丁寧なカウンセリングであなたの魅力を引き出します！,4.9,20.0,14.918159944844774,,5.0,ＪＲ福井駅より車で20分,https://beauty.hotpepper.jp/slnH000221192/
slnH000199927,マコー美容室福井店,【早朝・仕事帰りも大歓迎】圧倒的なカット・カラー技術◎似合うスタイル・トータルバランスのご提案が人気,4.71,36.0,17.007423368554296,2000.0,2.0,ＪＲ福井駅から徒歩5分,https://beauty.hotpepper.jp/slnH000199927/
slnH000199920,SESSIONS HAIR MAKE【セッションヘアーメイク】,ご新規様は平日の昼間が断然お得。初めての方は平日割クーポンでセッション大宮を体験してください。,4.88,24.0,15.708114025356819,,5.0,えちぜん鉄道　日華化学前駅から徒歩10分,https://beauty.hotpepper.jp/slnH000199920/
slnH000344979,Ruua kind salon【ルーアカインドサロン】,当日予約◎/口コミ☆4.9/平日限定クーポン/学割/月曜営業/人気の髪質改善メニュー、メンズメニューも充実,4.96,91.0,22.42807134216324,,4.0,越前開発駅から徒歩１０分,https://beauty.hotpepper.jp/slnH000344979/
slnH000629285,coeur hair,【30代、40代、50代】に人気の脱白髪染め◎当日予約◎,4.9,70.0,20.887131397502447,2750.0,4.0,JR北陸本線／福井駅　バス12分二の宮下車　徒歩5分,https://beauty.hotpepper.jp/slnH000629285/
slnH000199409,Lamp　【ランプ】,【エリア初】どのメニューをしても一律11000円！？何をしてもあなたのしたいスタイル・夢を叶えます！,4.76,38.0,17.438553435577116,,3.0,福井鉄道　赤十字前から徒歩3分,https://beauty.hotpepper.jp/slnH000199409/
slnH000402758,Sandees バーバーショップ,【当日予約OK】グッドフィーリングなバーバーショップ▼メンズパーマが好評 ▼本物のフェードスタイル,4.77,41.0,17.828684079211666,4950.0,6.0,福井駅から車で１５分,https://beauty.hotpepper.jp/slnH000402758/
slnH000364977,amethyst,透明感カラー・デザインカラー・最高品質エクステ☆最先端の《トレンド×高技術》発信salon♪,4.56,35.0,16.34084635935986,,5.0,京福バス　大東3丁目下車　徒歩3分,https://beauty.hotpepper.jp/slnH000364977/
slnH000735267,GHOAT 髪質改善サロン【ゴート】,お陰様で1周年☆髪質改善無料☆全国誌掲載☆福井エリアトップサロン☆口コミ総評福井1位会得,4.86,228.0,26.407888937273608,5000.0,5.0,福井駅から車で10分、エルパから車で1分程,https://beauty.hotpepper.jp/slnH000735267/
slnH000682537,メンズ専門ヘアサロン Stairs,[驚異のリピート率93%]メンズ専門美容室でクオリティの高いカットやパーマを！月曜日も予約可能です！！,4.89,297.0,27.858787149011427,3300.0,10.0,2025年7月1日より福井市文京7丁目12-1（旧auショップ堀の宮跡地）に移転オープン,https://beauty.hotpepper.jp/slnH000682537/
slnH000291373,ROKIT,＊ゆるい雰囲気の秘密基地へようこそ＊,5.0,7.0,10.39720770839918,,2.0,福井市美術館近く,https://beauty.hotpepper.jp/slnH000291373/
slnH000199412,fleur 【フルール】,木の温もり溢れるナチュラルな雰囲気☆女性スタッフだけのアットホームサロンです。ヘッドスパが大好評♪,4.71,18.0,13.868307591873933,4620.0,6.0,ベル前下車徒歩3分／花堂駅から徒歩10分,https://beauty.hotpepper.jp/slnH000199412/
slnH000291752,Red-wood【レッドウッド】,【福工大すぐそば】スタイリッシュな空間。プロフェッショナルの技術。リーズナブルなお値段。,4.75,16.0,13.457763384267027,,7.0,西福井駅から徒歩15分,https://beauty.hotpepper.jp/slnH000291752/
